3254650793462486111,8917698968981900400,20,ZToken
3452698393731336502,8917698968981900400,32,ZToken
5496770186717112418,8917698968981900400,13,ZToken
4843760875435766669,8917698968981900400,18,ZToken
179862755827615864,8917698968981900400,24,ZToken
5866475271374709786,8917698968981900400,30,ZToken
5042833008266334288,8917698968981900400,22,ZToken
8580580430362796511,8917698968981900400,47,ZToken
3387816038227211128,8917698968981900400,15,ZToken
2553952189557875425,8917698968981900400,40,ZToken
401616106655971813,8917698968981900400,39,ZToken
1609755825026982955,8917698968981900400,25,ZToken
5593512292497338771,8917698968981900400,25,ZToken
7950479126158364513,8917698968981900400,4,ZToken
2890732201353598224,8917698968981900400,24,ZToken
4932689635931408948,8917698968981900400,33,ZToken
1771631119726945131,8917698968981900400,3,ZToken
6139636731837436249,8917698968981900400,23,ZToken
5185515525774818817,8917698968981900400,10,ZToken
3879249837115489044,8917698968981900400,45,ZToken
7863432886118062416,8917698968981900400,29,ZToken
3747236719672000395,8917698968981900400,19,ZToken
6531647943069883602,8917698968981900400,18,ZToken
8691640011860552743,8917698968981900400,14,ZToken
2984074557942892088,8917698968981900400,24,ZToken
1423088790750334475,8917698968981900400,52,ZToken
3467133298596448705,8917698968981900400,26,ZToken
8289511954039761085,8917698968981900400,26,ZToken
5126566027536300971,8917698968981900400,26,ZToken
8777956225592288283,8917698968981900400,26,ZToken
2979370925478995826,8917698968981900400,26,ZToken
7738675213943799103,8917698968981900400,44,ZToken
6511830368698212889,8917698968981900400,26,ZToken
9170643893095126092,8917698968981900400,26,ZToken
2887140125248673591,8917698968981900400,26,ZToken
5615432473216506467,8917698968981900400,26,ZToken
9038487830117688593,8917698968981900400,26,ZToken
118640337313901550,8917698968981900400,26,ZToken
4488487532027237543,8917698968981900400,26,ZToken
4871389584349416216,8917698968981900400,26,ZToken
6114771537259109899,8917698968981900400,26,ZToken
9080576247587088940,8917698968981900400,26,ZToken
1309069634709468463,8917698968981900400,26,ZToken
2822551652444086587,8917698968981900400,26,ZToken
3809300298045840700,8917698968981900400,26,ZToken
6984628134212130350,8917698968981900400,26,ZToken
22536604766575257,8917698968981900400,52,ZToken
7622705698999711933,8917698968981900400,26,ZToken
115130068476258650,8917698968981900400,49,ZToken
1772757160752462053,8917698968981900400,26,ZToken
5758088068724948122,8917698968981900400,26,ZToken
332720722576739243,8917698968981900400,26,ZToken
7658050784107108288,8917698968981900400,26,ZToken
4033519030571360848,8917698968981900400,17,ZToken
991385300851866816,8917698968981900400,24,ZToken
5275318411112885937,8917698968981900400,21,ZToken
7293166121539215646,8917698968981900400,20,ZToken
7981473439211876563,8917698968981900400,20,ZToken
5408876465514816159,8917698968981900400,2,ZToken
6789354847729105772,8917698968981900400,13,ZToken
1305488954910717010,8917698968981900400,25,ZToken
8539380045433157236,8917698968981900400,9,ZToken
8237793988098320085,8917698968981900400,25,ZToken
1745250493404579245,8917698968981900400,18,ZToken
8700829882797947771,8917698968981900400,22,ZToken
8925124501956106583,8917698968981900400,22,ZToken
1400802790591709793,8917698968981900400,27,ZToken
6495201339195019270,8917698968981900400,12,ZToken
8646202743668244488,8917698968981900400,20,ZToken
2960518972957752092,8917698968981900400,16,ZToken
3125394922877734342,8917698968981900400,35,ZToken
4393072049191793094,8917698968981900400,1,ZToken
4975934027810992932,8917698968981900400,9,ZToken
1484071345562064610,8917698968981900400,2,ZToken
951099077852019179,8917698968981900400,14,ZToken
8096748910028345069,8917698968981900400,19,ZToken
7049055037453312785,8917698968981900400,17,ZToken
2557217601834563121,8917698968981900400,25,ZToken
902224968212798718,8917698968981900400,23,ZToken
5359152016241827920,8917698968981900400,20,ZToken
7604887997747187830,8917698968981900400,21,ZToken
8254205499643710008,8917698968981900400,9,ZToken
2781764518820621462,8917698968981900400,16,ZToken
7951524474018744936,8917698968981900400,4,ZToken
1453292419700063807,8917698968981900400,14,ZToken
286309923437967629,8917698968981900400,7,ZToken
8237268361797887494,8917698968981900400,30,ZToken
1795380126561850690,8917698968981900400,1,ZToken
3831766106136063081,8917698968981900400,15,ZToken
2411500998453239970,8917698968981900400,23,ZToken
6755281685184302178,8917698968981900400,5,ZToken
2023649646451643527,8917698968981900400,10,ZToken
7636635208057573354,8917698968981900400,4,ZToken
5337559214404231147,8917698968981900400,11,ZToken
1513055855914196397,8917698968981900400,13,ZToken
6687036604482549326,8917698968981900400,24,ZToken
3423416059332179925,8917698968981900400,7,ZToken
2058088562445195422,8917698968981900400,25,ZToken
9158315923320266254,8917698968981900400,10,ZToken
1943469421981014609,8917698968981900400,20,ZToken
4047419769835518088,8917698968981900400,4,ZToken
1176289312460953116,8917698968981900400,8,ZToken
5967025919008092693,8917698968981900400,34,ZToken
4784413471254032432,8917698968981900400,41,ZToken
3248841616812527656,8917698968981900400,10,ZToken
5814039555089003129,8917698968981900400,9,ZToken
6966376940085308745,8917698968981900400,11,ZToken
5978669481713997213,8917698968981900400,21,ZToken
9032281966244443443,8917698968981900400,7,ZToken
9062587884342757783,8917698968981900400,48,ZToken
2466702867513223917,8917698968981900400,12,ZToken
2402584338925642984,8917698968981900400,18,ZToken
5804938732997526990,8917698968981900400,11,ZToken
7015628000906862687,8917698968981900400,18,ZToken
4999728584295388678,8917698968981900400,13,ZToken
5314543806805408186,8917698968981900400,3,ZToken
8945328529906597988,8917698968981900400,23,ZToken
3373172225359165045,8917698968981900400,9,ZToken
4567599631729982480,8917698968981900400,5,ZToken
7771684778579879382,8917698968981900400,22,ZToken
384564116614785565,8917698968981900400,8,ZToken
6037058974743943019,8917698968981900400,10,ZToken
274646911163352654,8917698968981900400,19,ZToken
1567159545986219508,8917698968981900400,23,ZToken
7031819704919245610,8917698968981900400,24,ZToken
1224272578480792890,8917698968981900400,22,ZToken
8815876081562384873,8917698968981900400,10,ZToken
996185636571727518,8917698968981900400,29,ZToken
2048237185507522142,8917698968981900400,7,ZToken
4626693453165713428,8917698968981900400,14,ZToken
7398235697311725319,8917698968981900400,9,ZToken
3233783245519019806,8917698968981900400,2,ZToken
5723659424974466293,8917698968981900400,7,ZToken
8002072090569819212,8917698968981900400,15,ZToken
3797713317503125791,8917698968981900400,19,ZToken
1165226319953759524,8917698968981900400,38,ZToken
4099610521384794338,8917698968981900400,3,ZToken
5220536494599435351,8917698968981900400,11,ZToken
854434085554505630,8917698968981900400,20,ZToken
1633516991495060551,8917698968981900400,19,ZToken
8758195826051671478,8917698968981900400,24,ZToken
3548639455966269687,8917698968981900400,4,ZToken
5413775553663268146,8917698968981900400,22,ZToken
5886353974201755899,8917698968981900400,4,ZToken
6426729823716435482,8917698968981900400,15,ZToken
7216365983432871437,8917698968981900400,18,ZToken
6954673960350125440,8917698968981900400,10,ZToken
7343417633001083046,8917698968981900400,10,ZToken
5719801321052173793,8917698968981900400,18,ZToken
2992598708861562410,8917698968981900400,22,ZToken
5569640759179690794,8917698968981900400,16,ZToken
8239439709513417799,8917698968981900400,18,ZToken
8309263757564972409,8917698968981900400,17,ZToken
13169822044605354,8917698968981900400,10,ZToken
2595150463955840421,8917698968981900400,24,ZToken
5013906888558003469,8917698968981900400,22,ZToken
5268378134458974682,8917698968981900400,19,ZToken
6367206948985988866,8917698968981900400,9,ZToken
1131278162194819307,8917698968981900400,22,ZToken
6161864059246574096,8917698968981900400,28,ZToken
9044769791071509377,8917698968981900400,12,ZToken
7425668898331299029,8917698968981900400,25,ZToken
9085741293820188936,8917698968981900400,25,ZToken
186683571399761477,8917698968981900400,9,ZToken
7096093060374590554,8917698968981900400,22,ZToken
6166334415460089027,8917698968981900400,21,ZToken
6347514027370412070,8917698968981900400,22,ZToken
6828245196340617985,8917698968981900400,21,ZToken
8446257757866082759,8917698968981900400,40,ZToken
6191925396865838813,8917698968981900400,12,ZToken
4626229708016351408,8917698968981900400,19,ZToken
3982533084865862021,8917698968981900400,14,ZToken
8681600575796033003,8917698968981900400,48,ZToken
4489211778478946476,8917698968981900400,2,ZToken
1624546203501493213,8917698968981900400,22,ZToken
4386816970289364715,8917698968981900400,10,ZToken
6054175032254905938,8917698968981900400,12,ZToken
3381629863078276920,8917698968981900400,25,ZToken
2765269818531801927,8917698968981900400,41,ZToken
7295906081039292392,8917698968981900400,18,ZToken
7204194618758628491,8917698968981900400,7,ZToken
2772183641985545872,8917698968981900400,18,ZToken
1060800310285984067,8917698968981900400,2,ZToken
5958716029649826511,8917698968981900400,8,ZToken
1070654295132247014,8917698968981900400,6,ZToken
4315020918351472809,8917698968981900400,39,ZToken
8610132272204119857,8917698968981900400,8,ZToken
1569473465135878483,8917698968981900400,24,ZToken
4258640658962330708,8917698968981900400,1,ZToken
4127454972314915339,8917698968981900400,28,ZToken
3986585164089520169,8917698968981900400,19,ZToken
570747724145962297,8917698968981900400,8,ZToken
2393242114907953502,8917698968981900400,15,ZToken
7482220502057438931,8917698968981900400,8,ZToken
3510554560297539275,8917698968981900400,39,ZToken
5679240940863837438,8917698968981900400,3,ZToken
1731539786323318812,8917698968981900400,30,ZToken
336731956072720590,8917698968981900400,6,ZToken
3259002501378873031,8917698968981900400,1,ZToken
8427161450353729953,8917698968981900400,18,ZToken
2292968176195637444,8917698968981900400,7,ZToken
1156521945572560445,8917698968981900400,21,ZToken
4350469520089823200,8917698968981900400,30,ZToken
2826475841218716964,8917698968981900400,5,ZToken
4304320986176912667,8917698968981900400,3,ZToken
8253884124618031470,8917698968981900400,13,ZToken
2865880310983628832,8917698968981900400,15,ZToken
5825139167429231249,8917698968981900400,13,ZToken
5267452960204517542,8917698968981900400,18,ZToken
7654437664186050176,8917698968981900400,20,ZToken
2034485007800677371,8917698968981900400,21,ZToken
2421682500136932635,8917698968981900400,11,ZToken
3608188459284810923,8917698968981900400,18,ZToken
4831301905906684871,8917698968981900400,16,ZToken
4239160803959309099,8917698968981900400,3,ZToken
7354636933394520118,8917698968981900400,13,ZToken
4578999114009029464,8917698968981900400,1,ZToken
1205894529061426226,8917698968981900400,22,ZToken
7516916205547103258,8917698968981900400,24,ZToken
5436911850890494374,8917698968981900400,41,ZToken
6996147957365240199,8917698968981900400,36,ZToken
523878304590590532,8917698968981900400,3,ZToken
6434155014168997624,8917698968981900400,46,ZToken
1834145123675690106,8917698968981900400,22,ZToken
4908360597817367624,8917698968981900400,24,ZToken
7886385573247664340,8917698968981900400,16,ZToken
4566128450438112235,8917698968981900400,43,ZToken
3347007437001997650,8917698968981900400,25,ZToken
8527830917834484066,8917698968981900400,27,ZToken
4198896434999062348,8917698968981900400,73,ZToken
6114479177384372179,8917698968981900400,18,ZToken
5707554242354254106,8917698968981900400,86,ZToken
8415428583765554649,8917698968981900400,44,ZToken
8501464656905036927,8917698968981900400,11,ZToken
5768016569245777118,8917698968981900400,11,ZToken
5779012189293383852,8917698968981900400,48,ZToken
2756581410073260207,8917698968981900400,24,ZToken
3929522745701556463,8917698968981900400,50,ZToken
2704632650162852888,8917698968981900400,83,ZToken
6624877269953741284,8917698968981900400,91,ZToken
5494018418448841065,8917698968981900400,19,ZToken
665707207062916730,8917698968981900400,43,ZToken
472071949406652048,8917698968981900400,36,ZToken
5477248977182033474,8917698968981900400,58,ZToken
641380046968672431,8917698968981900400,20,ZToken
7317686284488907075,8917698968981900400,16,ZToken
8312818508366488810,8917698968981900400,26,ZToken
4250025435889933730,8917698968981900400,93,ZToken
4236099708664029956,8917698968981900400,33,ZToken
8746398353988029091,8917698968981900400,65,ZToken
2127552983315007502,8917698968981900400,10,ZToken
54181636665670262,8917698968981900400,32,ZToken
5525269829336230886,8917698968981900400,31,ZToken
7519034879413154830,8917698968981900400,33,ZToken
639437418922529597,8917698968981900400,29,ZToken
8791702873232922324,8917698968981900400,24,ZToken
723503748419934435,8917698968981900400,34,ZToken
5722653757629995852,8917698968981900400,27,ZToken
4402057456675104712,8917698968981900400,61,ZToken
6103509059083432356,8917698968981900400,86,ZToken
976377693937488637,8917698968981900400,8,ZToken
2633557686380077998,8917698968981900400,22,ZToken
5174633440164370305,8917698968981900400,27,ZToken
1853700547739782872,8917698968981900400,53,ZToken
8847034569656544260,8917698968981900400,52,ZToken
2076141288999900083,8917698968981900400,104,ZToken
1352310117422395029,8917698968981900400,32,ZToken
5799464434239168529,8917698968981900400,52,ZToken
7922171895318676511,8917698968981900400,52,ZToken
7559674529324509404,8917698968981900400,24,ZToken
4763321939127363917,8917698968981900400,52,ZToken
6902460650932201722,8917698968981900400,102,ZToken
7812749060695794082,8917698968981900400,52,ZToken
1881768809410356530,8917698968981900400,19,ZToken
116880341931908268,8917698968981900400,52,ZToken
1717143320599216114,8917698968981900400,52,ZToken
5439633724388553471,8917698968981900400,57,ZToken
8737807810847873424,8917698968981900400,9,ZToken
8966028315861527936,8917698968981900400,48,ZToken
6034629125348062621,8917698968981900400,52,ZToken
8635712400076912928,8917698968981900400,52,ZToken
7340376652813048167,8917698968981900400,39,ZToken
927495952140537545,8917698968981900400,52,ZToken
2356780355729584424,8917698968981900400,52,ZToken
4002360042194152997,8917698968981900400,50,ZToken
2791689744897220488,8917698968981900400,52,ZToken
5102450756987183316,8917698968981900400,52,ZToken
5454358172861409141,8917698968981900400,52,ZToken
5948012391596499616,8917698968981900400,52,ZToken
8959439617094337391,8917698968981900400,52,ZToken
3304047730681595956,8917698968981900400,52,ZToken
7457774303187711310,8917698968981900400,52,ZToken
8899316497610236484,8917698968981900400,52,ZToken
138311951828120115,8917698968981900400,38,ZToken
350674064679781387,8917698968981900400,3,ZToken
7235189942019089642,8917698968981900400,52,ZToken
2022156527302688970,8917698968981900400,21,ZToken
3382560752501479479,8917698968981900400,2,ZToken
4801237148262008660,8917698968981900400,52,ZToken
7842933019755285926,8917698968981900400,104,ZToken
5238885689887401294,8917698968981900400,52,ZToken
130357300726790078,8917698968981900400,35,ZToken
6888082240393159389,8917698968981900400,51,ZToken
8286374275357078005,8917698968981900400,85,ZToken
9165341967526733660,8917698968981900400,19,ZToken
7506152289108682631,8917698968981900400,41,ZToken
1610796657322494659,8917698968981900400,37,ZToken
6332122817154446130,8917698968981900400,26,ZToken
7612889524062269958,8917698968981900400,90,ZToken
534284880499021765,8917698968981900400,29,ZToken
4966220911702689479,8917698968981900400,9,ZToken
5614514522609708929,8917698968981900400,47,ZToken
5495886832056434621,8917698968981900400,88,ZToken
4435247211743603090,8917698968981900400,25,ZToken
4627001047546986429,8917698968981900400,32,ZToken
3610624241066592360,8917698968981900400,46,ZToken
1004893354170976697,8917698968981900400,42,ZToken
6606677664104467145,8917698968981900400,19,ZToken
680667530529414661,8917698968981900400,30,ZToken
5810699966652544536,8917698968981900400,40,ZToken
2125789611902890846,8917698968981900400,2,ZToken
1219001704428672485,8917698968981900400,34,ZToken
905722073936300582,8917698968981900400,4,ZToken
8349594415984875528,8917698968981900400,18,ZToken
7212839677591448799,8917698968981900400,6,ZToken
7044706423166607130,8917698968981900400,32,ZToken
4036375086284195212,8917698968981900400,11,ZToken
2398224685161703243,8917698968981900400,9,ZToken
350587492061031189,8917698968981900400,2,ZToken
7941317619688255764,8917698968981900400,46,ZToken
2780945406754508473,8917698968981900400,40,ZToken
3607248723882979500,8917698968981900400,29,ZToken
4409896255989809650,8917698968981900400,48,ZToken
589890804464966948,8917698968981900400,4,ZToken
8411714660526363610,8917698968981900400,51,ZToken
5974148644587734590,8917698968981900400,32,ZToken
6532639114268694858,8917698968981900400,37,ZToken
1088360338963163337,8917698968981900400,76,ZToken
91594076277354679,8917698968981900400,23,ZToken
7987268173161004362,8917698968981900400,38,ZToken
5017797904199324252,8917698968981900400,75,ZToken
2962749212352694932,8917698968981900400,29,ZToken
2598816959621467706,8917698968981900400,41,ZToken
1987458967458488743,8917698968981900400,48,ZToken
1989873357481730557,8917698968981900400,49,ZToken
9070297802047122189,8917698968981900400,38,ZToken
5034142362089449533,8917698968981900400,50,ZToken
1506172011497979026,8917698968981900400,51,ZToken
7850411624527237175,8917698968981900400,19,ZToken
8787072500052200483,8917698968981900400,37,ZToken
5854503807689523521,8917698968981900400,35,ZToken
1193060520091055045,8917698968981900400,58,ZToken
1771833602077713097,8917698968981900400,93,ZToken
9053192668209858216,8917698968981900400,48,ZToken
8646581567654733783,8917698968981900400,19,ZToken
324911653954237146,8917698968981900400,33,ZToken
7974919592261537922,8917698968981900400,6,ZToken
3271059429676246311,8917698968981900400,22,ZToken
8551363097896325460,8917698968981900400,18,ZToken
8894864759397716182,8917698968981900400,43,ZToken
4588336342959100552,8917698968981900400,6,ZToken
5012037246581963242,8917698968981900400,41,ZToken
6536730894785025915,8917698968981900400,67,ZToken
6174949210434426298,8917698968981900400,21,ZToken
1852353540640288805,8917698968981900400,14,ZToken
586117408825891914,8917698968981900400,50,ZToken
1694871499058036048,8917698968981900400,23,ZToken
3273168968687964344,8917698968981900400,36,ZToken
7049285772834602092,8917698968981900400,64,ZToken
3570122050382274786,8917698968981900400,2,ZToken
973670237739478728,8917698968981900400,30,ZToken
5481825269373756382,8917698968981900400,34,ZToken
6952439850456740983,8917698968981900400,22,ZToken
9141934494317366019,8917698968981900400,19,ZToken
2550910673627365505,8917698968981900400,23,ZToken
4071950154076240405,8917698968981900400,26,ZToken
7786209561554146110,8917698968981900400,43,ZToken
7553037344306332762,8917698968981900400,31,ZToken
9222702236235899652,8917698968981900400,16,ZToken
3601602593868331345,8917698968981900400,23,ZToken
7406210902488897840,8917698968981900400,52,ZToken
8222931524802099683,8917698968981900400,28,ZToken
8078202406269036677,8917698968981900400,44,ZToken
5120506902622785414,8917698968981900400,62,ZToken
2786504621330282109,8917698968981900400,21,ZToken
1895499478624826729,8917698968981900400,25,ZToken
3016447391388052889,8917698968981900400,14,ZToken
6798298727220699166,8917698968981900400,25,ZToken
3686864210186880057,8917698968981900400,40,ZToken
6252784002329014711,8917698968981900400,18,ZToken
7938791848686172611,8917698968981900400,13,ZToken
1329472684540053078,8917698968981900400,37,ZToken
9100564065497924787,8917698968981900400,51,ZToken
9213510563464592799,8917698968981900400,39,ZToken
8611394562546315667,8917698968981900400,18,ZToken
3959863499318318143,8917698968981900400,10,ZToken
2778403768963317172,8917698968981900400,39,ZToken
7977838761811435877,8917698968981900400,27,ZToken
9010684497876769738,8917698968981900400,38,ZToken
155931452651337162,8917698968981900400,1,ZToken
7944816202524105647,8917698968981900400,62,ZToken
8740471362087979390,8917698968981900400,40,ZToken
3433570532760298909,8917698968981900400,50,ZToken
6555198004782389572,8917698968981900400,35,ZToken
7526312212965835712,8917698968981900400,63,ZToken
1890031451837608816,8917698968981900400,43,ZToken
8665644322294135609,8917698968981900400,41,ZToken
6954092744497875230,8917698968981900400,48,ZToken
7726920628811422452,8917698968981900400,59,ZToken
4740674972993351615,8917698968981900400,4,ZToken
2591657020187287170,8917698968981900400,50,ZToken
1309218285726651813,8917698968981900400,46,ZToken
4963465449360982456,8917698968981900400,41,ZToken
7479592033905925026,8917698968981900400,2,ZToken
9142865877082609709,8917698968981900400,63,ZToken
8087199242108455860,8917698968981900400,38,ZToken
403804510086539735,8917698968981900400,19,ZToken
8074557649802015609,8917698968981900400,19,ZToken
187374649424854831,8917698968981900400,39,ZToken
5700258534042578299,8917698968981900400,2,ZToken
5866403979635180252,8917698968981900400,100,ZToken
8282751665547268998,8917698968981900400,10,ZToken
3452065576024729224,8917698968981900400,36,ZToken
3917029624785746582,8917698968981900400,88,ZToken
6796546351174851674,8917698968981900400,4,ZToken
2734832400358849346,8917698968981900400,11,ZToken
4520932763794825544,8917698968981900400,16,ZToken
3257012184757525543,8917698968981900400,4,ZToken
8939652685903273987,8917698968981900400,23,ZToken
3877738611177453748,8917698968981900400,37,ZToken
4473646758731159759,8917698968981900400,45,ZToken
5660183437377635199,8917698968981900400,7,ZToken
2130499873549401518,8917698968981900400,26,ZToken
5303634229044797308,8917698968981900400,38,ZToken
1361125034400547456,8917698968981900400,42,ZToken
9170433613779384969,8917698968981900400,63,ZToken
5295947077966139859,8917698968981900400,70,ZToken
1820459026233760582,8917698968981900400,18,ZToken
4731246324002752487,8917698968981900400,50,ZToken
4975596200985062420,8917698968981900400,49,ZToken
3625875941701155998,8917698968981900400,22,ZToken
3467885463643623568,8917698968981900400,3,ZToken
5438242527496222536,8917698968981900400,34,ZToken
2868881979720809216,8917698968981900400,56,ZToken